{"cameraMode":{"drawMode":0,"name":"Shaded","section":"Shading Mode"},"sceneLighting":true,"audioPlay":false,"sceneViewState":{"showFog":true,"showMaterialUpdate":false,"showSkybox":true,"showFlares":true,"showImageEffects":true,"showParticleSystems":true},"in2DMode":false,"pivot":{"x":-0.9821075201034546,"y":-5.521438311006932e-7,"z":-0.545995831489563},"rotation":{"x":0.25884419679641726,"y":-0.022599704563617708,"z":0.006058250553905964,"w":0.965639054775238},"size":4.8573503494262699,"orthographic":true}