{"cameraMode":{"drawMode":0,"name":"Shaded","section":"Shading Mode"},"sceneLighting":true,"audioPlay":false,"sceneViewState":{"showFog":true,"showMaterialUpdate":false,"showSkybox":true,"showFlares":true,"showImageEffects":true,"showParticleSystems":true},"in2DMode":false,"pivot":{"x":-1.4496569633483887,"y":-1.6950517892837525,"z":1.2086992263793946},"rotation":{"x":0.482797771692276,"y":0.08382317423820496,"z":-0.04649168625473976,"w":0.8704723715782166},"size":4.175650119781494,"orthographic":true}